{
  "staleness": "const",
  "alpha": 0.5,
  "a": 0.05,
  "weights": {
    "site-1": 0.16666,
    "site-2": 0.16666,
    "site-3": 0.16666,
    "site-4": 0.16666,
    "site-5": 0.16666,
    "site-6": 0.16666
  }
}