{
  "staleness": "hinge",
  "alpha": 0.9,
  "a": 0.005,
  "b": 6,
  "weights": {
    "site-1": 0.16666,
    "site-2": 0.16666,
    "site-3": 0.16666,
    "site-4": 0.16666,
    "site-5": 0.16666,
    "site-6": 0.16666
  }
}